cliente_id,ciudad,segmento,fecha_registro
1,Bucaramanga,SMB,2022-06-04
2,Medellín,Mid-Market,2023-10-02
3,Barranquilla,Mid-Market,2024-12-25
4,Barranquilla,SMB,2023-08-07
5,Bucaramanga,Mid-Market,2024-05-19
6,Medellín,SMB,2022-04-14
7,Bogotá,SMB,2024-01-04
8,Medellín,Enterprise,2023-09-27
9,Cali,Mid-Market,2024-05-11
10,Cali,SMB,2022-11-24
11,Bogotá,Mid-Market,2023-12-13
12,Bucaramanga,SMB,2022-04-11
13,Bogotá,Enterprise,2025-06-21
14,Bucaramanga,Mid-Market,2023-05-01
15,Bogotá,Mid-Market,2022-01-13
16,Barranquilla,SMB,2022-12-14
17,Cali,SMB,2025-04-09
18,Barranquilla,SMB,2023-06-13
19,Bucaramanga,SMB,2025-02-09
20,Bucaramanga,Mid-Market,2023-09-24
21,Bogotá,SMB,2022-04-30
22,Bogotá,SMB,2023-10-29
23,Bogotá,SMB,2023-02-09
24,Barranquilla,SMB,2022-04-07
25,Bogotá,Enterprise,2022-11-06
26,Cali,SMB,2024-01-10
27,Bogotá,Mid-Market,2024-12-16
28,Medellín,SMB,2024-09-25
29,Bucaramanga,Enterprise,2024-04-29
30,Medellín,SMB,2024-01-20
31,Barranquilla,SMB,2023-11-22
32,Barranquilla,Mid-Market,2025-06-07
33,Bogotá,Enterprise,2025-02-02
34,Barranquilla,SMB,2023-05-07
35,Bogotá,SMB,2025-06-13
36,Medellín,SMB,2022-09-07
37,Bogotá,SMB,2023-06-28
38,Bogotá,Enterprise,2023-07-08
39,Bucaramanga,Enterprise,2022-06-18
40,Bucaramanga,SMB,2022-07-09
41,Bucaramanga,SMB,2024-09-10
42,Cali,Mid-Market,2022-11-01
43,Medellín,Mid-Market,2022-08-06
44,Barranquilla,SMB,2022-10-08
45,Bogotá,Mid-Market,2025-03-22
46,Bucaramanga,Enterprise,2023-02-02
47,Bogotá,SMB,2023-12-26
48,Bucaramanga,SMB,2025-02-12
49,Barranquilla,Mid-Market,2023-01-29
50,Medellín,SMB,2025-01-03
51,Barranquilla,SMB,2023-08-10
52,Barranquilla,SMB,2025-05-08
53,Barranquilla,Mid-Market,2022-10-16
54,Medellín,SMB,2022-07-21
55,Barranquilla,SMB,2024-03-31
56,Barranquilla,Mid-Market,2022-08-29
57,Bucaramanga,Mid-Market,2024-10-24
58,Barranquilla,Mid-Market,2023-12-17
59,Medellín,SMB,2022-04-25
60,Barranquilla,Enterprise,2022-02-02
61,Medellín,SMB,2024-10-04
62,Medellín,SMB,2022-05-20
63,Medellín,SMB,2022-08-15
64,Cali,SMB,2022-11-05
65,Barranquilla,SMB,2024-05-17
66,Cali,SMB,2025-01-17
67,Cali,Enterprise,2024-03-28
68,Barranquilla,SMB,2024-02-27
69,Barranquilla,SMB,2025-01-07
70,Cali,Enterprise,2022-08-04
71,Bogotá,SMB,2022-02-08
72,Bucaramanga,SMB,2023-09-06
73,Barranquilla,Mid-Market,2023-02-08
74,Medellín,SMB,2023-01-17
75,Medellín,SMB,2024-02-15
76,Bucaramanga,Mid-Market,2022-09-21
77,Barranquilla,SMB,2023-07-20
78,Bucaramanga,SMB,2022-10-31
79,Bucaramanga,SMB,2024-10-05
80,Bucaramanga,Mid-Market,2024-09-29
81,Barranquilla,Mid-Market,2024-05-09
82,Barranquilla,SMB,2023-05-04
83,Bogotá,SMB,2023-06-27
84,Bucaramanga,Mid-Market,2024-12-16
85,Barranquilla,SMB,2025-03-10
86,Bogotá,Mid-Market,2023-07-18
87,Cali,SMB,2022-04-03
88,Cali,Enterprise,2024-11-04
89,Barranquilla,Mid-Market,2024-04-13
90,Cali,SMB,2024-07-31
91,Barranquilla,SMB,2025-05-17
92,Bucaramanga,Mid-Market,2023-05-18
93,Bucaramanga,Mid-Market,2022-12-13
94,Bogotá,Mid-Market,2023-05-06
95,Bucaramanga,Mid-Market,2024-03-27
96,Barranquilla,SMB,2024-10-05
97,Medellín,SMB,2024-10-20
98,Cali,Mid-Market,2023-04-11
99,Bucaramanga,SMB,2024-10-24
100,Bucaramanga,Enterprise,2024-01-09
101,Medellín,SMB,2025-06-20
102,Medellín,SMB,2023-10-09
103,Cali,Enterprise,2025-04-18
104,Bogotá,SMB,2022-06-09
105,Bucaramanga,SMB,2022-05-25
106,Cali,Mid-Market,2022-02-27
107,Bucaramanga,Enterprise,2023-05-20
108,Bogotá,SMB,2022-01-14
109,Cali,Enterprise,2024-07-14
110,Barranquilla,Mid-Market,2024-11-11
111,Cali,SMB,2022-01-28
112,Bucaramanga,SMB,2023-08-06
113,Medellín,Enterprise,2023-11-14
114,Cali,Enterprise,2022-01-27
115,Medellín,SMB,2023-03-02
116,Medellín,SMB,2025-05-16
117,Bucaramanga,Enterprise,2024-10-02
118,Medellín,SMB,2022-10-06
119,Bogotá,SMB,2024-08-04
120,Bucaramanga,SMB,2022-03-26
121,Medellín,Mid-Market,2022-06-30
122,Bucaramanga,SMB,2022-05-30
123,Barranquilla,SMB,2022-08-23
124,Bucaramanga,SMB,2024-06-26
125,Medellín,SMB,2022-03-16
126,Barranquilla,SMB,2022-05-09
127,Bogotá,SMB,2025-03-27
128,Medellín,SMB,2023-09-16
129,Barranquilla,SMB,2024-06-15
130,Bucaramanga,SMB,2024-07-24
131,Bogotá,Mid-Market,2022-03-16
132,Barranquilla,SMB,2023-03-19
133,Medellín,SMB,2022-01-22
134,Bucaramanga,Mid-Market,2023-07-15
135,Bucaramanga,Mid-Market,2022-07-23
136,Bucaramanga,SMB,2023-06-13
137,Cali,SMB,2024-02-22
138,Medellín,Mid-Market,2024-04-27
139,Barranquilla,Mid-Market,2025-02-04
140,Barranquilla,Enterprise,2024-12-15
141,Cali,Mid-Market,2022-03-21
142,Bucaramanga,Mid-Market,2024-11-10
143,Bogotá,SMB,2023-06-20
144,Barranquilla,SMB,2023-11-24
145,Bogotá,SMB,2024-06-21
146,Medellín,Mid-Market,2024-06-07
147,Bogotá,Mid-Market,2024-01-24
148,Bucaramanga,SMB,2022-03-18
149,Barranquilla,SMB,2022-10-21
150,Medellín,SMB,2023-11-11
151,Cali,Mid-Market,2024-10-07
152,Bogotá,SMB,2022-01-02
153,Cali,SMB,2022-03-26
154,Bogotá,SMB,2022-04-23
155,Cali,SMB,2025-04-17
156,Medellín,Mid-Market,2024-11-14
157,Medellín,Mid-Market,2022-08-11
158,Barranquilla,SMB,2022-04-07
159,Medellín,Enterprise,2023-10-06
160,Bogotá,Mid-Market,2022-09-10
161,Bogotá,SMB,2022-08-16
162,Medellín,SMB,2024-02-18
163,Medellín,SMB,2024-08-12
164,Medellín,SMB,2025-02-25
165,Barranquilla,Mid-Market,2023-07-28
166,Cali,Mid-Market,2022-01-18
167,Bogotá,SMB,2022-08-03
168,Cali,Enterprise,2022-09-26
169,Cali,Mid-Market,2022-06-18
170,Bucaramanga,SMB,2025-05-02
171,Cali,Mid-Market,2022-02-14
172,Barranquilla,Mid-Market,2024-03-14
173,Bucaramanga,Mid-Market,2023-03-06
174,Bogotá,Enterprise,2022-02-25
175,Medellín,Enterprise,2023-11-17
176,Bucaramanga,SMB,2025-03-07
177,Medellín,SMB,2022-12-28
178,Bucaramanga,SMB,2023-05-31
179,Barranquilla,SMB,2023-06-30
180,Cali,SMB,2024-08-29
181,Bucaramanga,SMB,2024-11-13
182,Medellín,Mid-Market,2024-10-18
183,Bogotá,SMB,2024-04-16
184,Cali,SMB,2023-07-10
185,Bucaramanga,Mid-Market,2024-01-25
186,Bogotá,Mid-Market,2023-01-18
187,Bogotá,SMB,2023-10-02
188,Bucaramanga,Mid-Market,2022-05-27
189,Medellín,SMB,2023-07-25
190,Bogotá,SMB,2024-08-21
191,Cali,SMB,2023-09-10
192,Bogotá,SMB,2023-09-06
193,Barranquilla,Mid-Market,2024-10-19
194,Bogotá,Enterprise,2024-09-04
195,Medellín,Mid-Market,2022-05-16
196,Barranquilla,Enterprise,2022-09-11
197,Cali,SMB,2022-09-30
198,Bogotá,SMB,2024-04-04
199,Bogotá,Enterprise,2022-04-17
200,Bucaramanga,Mid-Market,2025-06-09
201,Bucaramanga,Mid-Market,2025-03-15
202,Barranquilla,Mid-Market,2023-12-21
203,Medellín,SMB,2022-02-12
204,Cali,SMB,2023-09-06
205,Bucaramanga,SMB,2023-05-11
206,Bogotá,Enterprise,2023-06-07
207,Bucaramanga,SMB,2022-07-13
208,Cali,Enterprise,2024-03-19
209,Cali,SMB,2025-04-27
210,Bogotá,Mid-Market,2023-08-03
211,Barranquilla,SMB,2024-08-30
212,Medellín,SMB,2023-12-21
213,Bogotá,Mid-Market,2024-09-27
214,Barranquilla,Mid-Market,2022-05-01
215,Medellín,Mid-Market,2024-11-10
216,Cali,Mid-Market,2022-10-04
217,Bogotá,Mid-Market,2022-10-24
218,Medellín,Mid-Market,2023-10-09
219,Barranquilla,SMB,2023-04-11
220,Barranquilla,Enterprise,2024-05-08
221,Bucaramanga,SMB,2025-03-08
222,Barranquilla,SMB,2025-05-04
223,Medellín,Enterprise,2024-04-09
224,Bucaramanga,SMB,2024-06-12
225,Barranquilla,SMB,2022-04-29
226,Bucaramanga,Mid-Market,2023-07-26
227,Bogotá,Mid-Market,2025-06-25
228,Medellín,SMB,2024-09-19
229,Cali,SMB,2023-01-18
230,Cali,Mid-Market,2022-12-04
231,Bogotá,Mid-Market,2022-03-11
232,Bucaramanga,Mid-Market,2024-07-28
233,Barranquilla,SMB,2025-04-05
234,Medellín,Mid-Market,2023-03-28
235,Bogotá,Mid-Market,2024-11-17
236,Bucaramanga,Enterprise,2022-07-26
237,Medellín,Mid-Market,2023-07-23
238,Bogotá,Mid-Market,2025-03-02
239,Cali,Mid-Market,2024-03-30
240,Bucaramanga,Enterprise,2024-03-13
241,Bucaramanga,SMB,2024-12-03
242,Bucaramanga,Mid-Market,2024-08-28
243,Bucaramanga,Mid-Market,2023-12-26
244,Barranquilla,Mid-Market,2024-11-03
245,Medellín,SMB,2022-06-28
246,Cali,SMB,2023-01-31
247,Bogotá,Enterprise,2024-06-16
248,Cali,Mid-Market,2023-04-07
249,Medellín,SMB,2022-12-06
250,Cali,SMB,2022-09-28
251,Bogotá,Mid-Market,2024-01-07
252,Cali,Enterprise,2024-08-11
253,Bucaramanga,SMB,2022-10-09
254,Cali,SMB,2024-10-30
255,Bucaramanga,SMB,2024-07-17
256,Bogotá,SMB,2023-02-01
257,Barranquilla,SMB,2022-11-27
258,Barranquilla,SMB,2022-02-11
259,Bogotá,Mid-Market,2023-11-29
260,Bucaramanga,Mid-Market,2022-08-04
261,Bogotá,SMB,2022-10-19
262,Medellín,Enterprise,2022-11-07
263,Bucaramanga,SMB,2024-07-24
264,Cali,SMB,2024-05-22
265,Medellín,Mid-Market,2025-02-14
266,Medellín,SMB,2022-11-19
267,Barranquilla,SMB,2024-05-12
268,Bucaramanga,Enterprise,2023-02-16
269,Bogotá,Mid-Market,2023-04-10
270,Barranquilla,Mid-Market,2023-04-30
271,Bucaramanga,SMB,2023-03-11
272,Bogotá,Mid-Market,2023-01-01
273,Bucaramanga,SMB,2023-11-24
274,Medellín,SMB,2022-10-28
275,Cali,Mid-Market,2024-10-08
276,Barranquilla,Mid-Market,2025-01-06
277,Barranquilla,SMB,2022-08-24
278,Bucaramanga,SMB,2024-06-26
279,Bogotá,SMB,2025-03-14
280,Barranquilla,Enterprise,2022-09-02
281,Barranquilla,Enterprise,2022-11-23
282,Cali,Mid-Market,2023-05-23
283,Barranquilla,SMB,2025-03-10
284,Medellín,SMB,2023-09-26
285,Medellín,SMB,2025-03-04
286,Bogotá,Mid-Market,2023-03-11
287,Bucaramanga,SMB,2023-01-27
288,Cali,SMB,2023-07-03
289,Cali,SMB,2023-04-07
290,Barranquilla,Mid-Market,2025-03-03
291,Barranquilla,SMB,2022-03-08
292,Medellín,Enterprise,2024-01-30
293,Cali,SMB,2022-05-07
294,Bogotá,SMB,2022-05-06
295,Bogotá,Mid-Market,2022-03-27
296,Bogotá,SMB,2024-03-02
297,Bucaramanga,Mid-Market,2024-01-25
298,Medellín,Mid-Market,2023-05-12
299,Cali,SMB,2025-06-23
300,Barranquilla,SMB,2025-03-02
301,Bucaramanga,Mid-Market,2025-04-29
302,Bogotá,SMB,2022-06-26
303,Cali,Enterprise,2023-07-01
304,Medellín,SMB,2025-03-06
305,Barranquilla,SMB,2024-07-15
306,Medellín,Mid-Market,2022-08-22
307,Bogotá,SMB,2023-05-24
308,Medellín,Enterprise,2023-09-23
309,Barranquilla,SMB,2025-03-14
310,Barranquilla,SMB,2022-11-14
311,Barranquilla,SMB,2024-06-17
312,Cali,SMB,2023-09-19
313,Bucaramanga,Enterprise,2023-12-17
314,Cali,SMB,2022-01-09
315,Bogotá,SMB,2023-11-23
316,Cali,Mid-Market,2024-06-02
317,Bucaramanga,Mid-Market,2023-01-10
318,Medellín,Mid-Market,2023-01-11
319,Bogotá,SMB,2023-03-02
320,Cali,SMB,2024-02-18
321,Bogotá,Enterprise,2023-04-04
322,Cali,Enterprise,2025-02-23
323,Cali,SMB,2023-02-04
324,Bucaramanga,Enterprise,2022-04-01
325,Barranquilla,SMB,2024-05-12
326,Medellín,Mid-Market,2025-02-14
327,Bucaramanga,Enterprise,2025-03-11
328,Bucaramanga,Mid-Market,2025-02-06
329,Medellín,Mid-Market,2023-09-23
330,Medellín,SMB,2022-11-11
331,Medellín,Mid-Market,2023-05-17
332,Bucaramanga,Mid-Market,2022-04-27
333,Bogotá,Mid-Market,2022-12-21
334,Bucaramanga,Mid-Market,2022-04-08
335,Cali,SMB,2024-05-21
336,Bucaramanga,Mid-Market,2022-10-11
337,Barranquilla,SMB,2023-02-23
338,Barranquilla,Mid-Market,2023-01-05
339,Cali,SMB,2022-05-11
340,Bucaramanga,Mid-Market,2023-09-05
341,Barranquilla,SMB,2025-06-21
342,Cali,Mid-Market,2024-11-06
343,Bucaramanga,SMB,2022-05-27
344,Medellín,SMB,2022-06-13
345,Bogotá,SMB,2025-05-16
346,Barranquilla,SMB,2022-07-25
347,Cali,Enterprise,2023-08-16
348,Cali,SMB,2023-01-12
349,Bogotá,Mid-Market,2025-06-01
350,Medellín,SMB,2024-11-16
351,Barranquilla,SMB,2022-02-10
352,Cali,SMB,2023-05-04
353,Cali,SMB,2024-04-01
354,Cali,SMB,2023-02-04
355,Bucaramanga,SMB,2024-08-28
356,Barranquilla,SMB,2024-02-17
357,Bucaramanga,Mid-Market,2024-05-11
358,Bogotá,SMB,2023-12-16
359,Cali,Enterprise,2024-09-11
360,Cali,SMB,2025-02-26
361,Bogotá,Enterprise,2024-08-06
362,Cali,SMB,2024-05-20
363,Bogotá,Enterprise,2024-08-27
364,Cali,SMB,2022-04-21
365,Bogotá,SMB,2025-02-06
366,Bucaramanga,SMB,2023-03-09
367,Bogotá,Mid-Market,2023-07-13
368,Bucaramanga,SMB,2025-04-17
369,Medellín,SMB,2023-03-17
370,Bucaramanga,Mid-Market,2024-07-09
371,Bucaramanga,SMB,2023-05-22
372,Medellín,SMB,2022-12-06
373,Bogotá,SMB,2024-02-12
374,Medellín,SMB,2023-03-31
375,Bogotá,Enterprise,2022-07-20
376,Cali,SMB,2023-11-07
377,Cali,SMB,2023-06-14
378,Bogotá,Mid-Market,2025-04-20
379,Cali,Enterprise,2024-03-15
380,Bucaramanga,SMB,2025-01-20
381,Bucaramanga,SMB,2022-05-22
382,Medellín,Enterprise,2023-08-21
383,Cali,SMB,2022-06-17
384,Bogotá,SMB,2025-01-28
385,Bogotá,SMB,2024-01-16
386,Cali,Mid-Market,2022-09-10
387,Barranquilla,SMB,2024-03-21
388,Bucaramanga,Mid-Market,2024-08-20
389,Medellín,SMB,2023-04-23
390,Barranquilla,SMB,2025-05-26
391,Bogotá,SMB,2024-12-02
392,Bucaramanga,Enterprise,2024-10-18
393,Bucaramanga,SMB,2023-09-25
394,Barranquilla,SMB,2023-10-02
395,Barranquilla,SMB,2025-04-22
396,Bogotá,Mid-Market,2025-06-15
397,Barranquilla,SMB,2024-04-07
398,Bucaramanga,SMB,2025-04-18
399,Bucaramanga,SMB,2023-11-16
400,Cali,SMB,2023-12-28
401,Medellín,SMB,2023-03-05
402,Cali,SMB,2024-11-06
403,Cali,SMB,2022-10-20
404,Bogotá,SMB,2022-08-13
405,Cali,SMB,2025-03-29
406,Medellín,SMB,2025-04-27
407,Bogotá,Enterprise,2024-12-30
408,Bogotá,SMB,2023-11-05
409,Bucaramanga,Mid-Market,2023-03-18
410,Barranquilla,Enterprise,2024-07-22
411,Bogotá,Mid-Market,2022-05-05
412,Bucaramanga,Mid-Market,2023-07-13
413,Bucaramanga,Mid-Market,2023-05-19
414,Bucaramanga,Mid-Market,2023-05-09
415,Bogotá,SMB,2024-06-29
416,Bogotá,SMB,2023-05-10
417,Cali,SMB,2023-06-09
418,Barranquilla,SMB,2023-05-05
419,Bogotá,Mid-Market,2024-06-13
420,Bucaramanga,Mid-Market,2025-02-13
421,Barranquilla,SMB,2023-12-04
422,Cali,Mid-Market,2022-12-19
423,Bucaramanga,SMB,2022-05-15
424,Medellín,SMB,2023-10-06
425,Medellín,SMB,2022-09-28
426,Bucaramanga,Enterprise,2025-06-01
427,Medellín,SMB,2022-01-06
428,Medellín,SMB,2023-06-12
429,Cali,SMB,2025-03-01
430,Barranquilla,SMB,2024-04-21
431,Bogotá,SMB,2024-09-05
432,Medellín,Enterprise,2024-06-06
433,Bucaramanga,SMB,2022-12-26
434,Bogotá,Mid-Market,2024-12-24
435,Cali,SMB,2024-12-20
436,Cali,Mid-Market,2023-12-19
437,Barranquilla,Mid-Market,2024-04-06
438,Medellín,Mid-Market,2022-02-10
439,Bogotá,Enterprise,2023-09-07
440,Bogotá,Mid-Market,2024-09-25
441,Bucaramanga,SMB,2023-04-06
442,Bogotá,SMB,2024-09-14
443,Cali,Mid-Market,2023-10-06
444,Medellín,Mid-Market,2024-03-01
445,Medellín,Enterprise,2022-05-23
446,Cali,SMB,2024-10-19
447,Cali,SMB,2022-11-07
448,Bogotá,Mid-Market,2022-04-04
449,Bucaramanga,SMB,2024-11-07
450,Medellín,Mid-Market,2023-05-28
451,Cali,SMB,2023-07-30
452,Cali,SMB,2025-06-20
453,Bucaramanga,Mid-Market,2023-09-12
454,Bucaramanga,SMB,2022-10-07
455,Bucaramanga,SMB,2022-06-28
456,Barranquilla,SMB,2022-04-10
457,Medellín,Enterprise,2025-04-25
458,Medellín,Mid-Market,2022-03-13
459,Bogotá,Mid-Market,2024-04-09
460,Medellín,SMB,2022-12-16
461,Bogotá,Enterprise,2022-09-25
462,Cali,SMB,2023-09-07
463,Bucaramanga,Mid-Market,2023-02-09
464,Cali,SMB,2022-06-25
465,Barranquilla,Mid-Market,2024-03-06
466,Medellín,SMB,2023-12-22
467,Bucaramanga,SMB,2023-03-07
468,Bogotá,Enterprise,2023-09-29
469,Barranquilla,SMB,2024-04-22
470,Barranquilla,Enterprise,2022-01-24
471,Barranquilla,Mid-Market,2022-09-16
472,Bucaramanga,Mid-Market,2023-02-13
473,Medellín,Mid-Market,2022-08-15
474,Medellín,Enterprise,2023-09-19
475,Cali,SMB,2023-12-18
476,Bucaramanga,Enterprise,2022-01-25
477,Medellín,SMB,2022-07-12
478,Medellín,SMB,2023-04-04
479,Bogotá,Enterprise,2022-12-04
480,Barranquilla,SMB,2022-01-15
481,Bogotá,SMB,2022-05-11
482,Barranquilla,Mid-Market,2023-08-29
483,Cali,SMB,2024-03-26
484,Cali,Mid-Market,2022-07-16
485,Cali,Mid-Market,2024-10-02
486,Barranquilla,Mid-Market,2022-09-29
487,Medellín,SMB,2024-04-02
488,Bucaramanga,Mid-Market,2024-07-16
489,Medellín,Mid-Market,2023-06-01
490,Bucaramanga,SMB,2023-12-29
491,Medellín,Enterprise,2022-04-16
492,Barranquilla,Enterprise,2023-04-07
493,Cali,SMB,2022-10-19
494,Barranquilla,Enterprise,2024-07-15
495,Bogotá,Enterprise,2023-04-01
496,Bogotá,SMB,2025-03-04
497,Cali,Mid-Market,2024-08-07
498,Bucaramanga,Enterprise,2022-08-29
499,Bogotá,Mid-Market,2024-07-19
500,Bucaramanga,SMB,2024-09-21
501,Bucaramanga,SMB,2023-04-30
502,Bucaramanga,Mid-Market,2025-01-21
503,Bogotá,SMB,2022-10-26
504,Bucaramanga,SMB,2023-01-15
505,Cali,SMB,2023-10-31
506,Bogotá,SMB,2023-12-06
507,Barranquilla,SMB,2024-05-12
508,Barranquilla,SMB,2024-11-16
509,Medellín,Mid-Market,2022-08-26
510,Bogotá,Enterprise,2023-09-04
511,Bogotá,SMB,2023-12-30
512,Barranquilla,SMB,2024-01-19
513,Bucaramanga,Enterprise,2025-01-18
514,Barranquilla,Mid-Market,2022-08-16
515,Bogotá,SMB,2025-06-01
516,Cali,Mid-Market,2024-05-21
517,Medellín,SMB,2024-04-06
518,Barranquilla,Enterprise,2023-11-26
519,Cali,SMB,2023-12-16
520,Barranquilla,Mid-Market,2023-07-19
521,Medellín,SMB,2025-03-02
522,Cali,SMB,2024-02-27
523,Bucaramanga,SMB,2022-04-12
524,Bucaramanga,SMB,2023-07-02
525,Cali,SMB,2022-01-16
526,Medellín,Mid-Market,2022-07-18
527,Medellín,SMB,2024-04-05
528,Bucaramanga,Mid-Market,2025-01-22
529,Medellín,SMB,2022-04-23
530,Cali,Mid-Market,2022-02-03
531,Medellín,Enterprise,2025-04-25
532,Medellín,SMB,2022-08-23
533,Cali,SMB,2023-12-31
534,Bogotá,Mid-Market,2023-11-16
535,Bogotá,SMB,2025-05-11
536,Barranquilla,SMB,2023-04-04
537,Cali,SMB,2024-09-24
538,Medellín,SMB,2022-04-22
539,Bogotá,SMB,2024-10-28
540,Bucaramanga,Mid-Market,2022-06-20
541,Barranquilla,Enterprise,2024-10-22
542,Bucaramanga,Mid-Market,2024-10-04
543,Bucaramanga,Mid-Market,2023-03-07
544,Bucaramanga,SMB,2023-05-13
545,Bogotá,SMB,2022-07-01
546,Cali,SMB,2024-02-29
547,Medellín,Mid-Market,2022-05-02
548,Barranquilla,SMB,2025-03-04
549,Bucaramanga,SMB,2023-07-31
550,Cali,Enterprise,2023-09-04
551,Bogotá,SMB,2022-04-01
552,Barranquilla,SMB,2023-04-11
553,Bogotá,SMB,2022-09-18
554,Barranquilla,Mid-Market,2022-09-06
555,Barranquilla,SMB,2022-10-22
556,Bogotá,SMB,2025-02-04
557,Bogotá,SMB,2024-12-12
558,Bogotá,SMB,2025-02-25
559,Bucaramanga,Mid-Market,2022-09-20
560,Cali,Enterprise,2024-06-22
561,Bucaramanga,SMB,2024-08-10
562,Cali,Mid-Market,2023-07-06
563,Bogotá,Mid-Market,2024-01-14
564,Bogotá,Mid-Market,2023-02-16
565,Barranquilla,SMB,2025-03-19
566,Barranquilla,SMB,2023-04-28
567,Cali,SMB,2022-02-04
568,Bucaramanga,SMB,2023-09-19
569,Barranquilla,Mid-Market,2024-04-07
570,Bucaramanga,SMB,2024-11-13
571,Bogotá,SMB,2022-01-26
572,Cali,Mid-Market,2024-04-14
573,Barranquilla,SMB,2023-06-24
574,Bogotá,SMB,2023-08-27
575,Medellín,SMB,2022-12-06
576,Barranquilla,SMB,2024-04-06
577,Bogotá,Mid-Market,2024-09-18
578,Medellín,Mid-Market,2024-04-12
579,Cali,SMB,2022-07-11
580,Cali,SMB,2023-03-01
581,Barranquilla,SMB,2022-08-21
582,Bucaramanga,Enterprise,2023-06-17
583,Bucaramanga,Mid-Market,2024-05-02
584,Bogotá,Enterprise,2023-03-14
585,Cali,Mid-Market,2023-08-17
586,Bucaramanga,Mid-Market,2024-03-12
587,Barranquilla,SMB,2023-05-10
588,Cali,Mid-Market,2022-03-22
589,Bucaramanga,SMB,2023-11-24
590,Medellín,Mid-Market,2024-05-27
591,Barranquilla,Mid-Market,2022-05-17
592,Bogotá,SMB,2022-02-12
593,Cali,SMB,2023-01-22
594,Medellín,Mid-Market,2024-04-12
595,Medellín,Mid-Market,2023-04-18
596,Bucaramanga,Mid-Market,2025-05-05
597,Cali,SMB,2023-02-14
598,Barranquilla,SMB,2022-01-15
599,Bucaramanga,Mid-Market,2023-08-28
600,Barranquilla,Enterprise,2024-11-18
601,Bogotá,SMB,2025-01-11
602,Bucaramanga,Enterprise,2023-03-07
603,Barranquilla,Enterprise,2024-01-23
604,Bogotá,SMB,2022-10-17
605,Medellín,Mid-Market,2022-06-27
606,Bucaramanga,SMB,2024-06-23
607,Cali,SMB,2023-04-02
608,Barranquilla,SMB,2024-07-15
609,Bogotá,SMB,2024-04-03
610,Barranquilla,SMB,2022-04-02
611,Bogotá,Mid-Market,2022-11-21
612,Cali,SMB,2025-01-24
613,Medellín,SMB,2023-01-18
614,Bogotá,Enterprise,2024-05-15
615,Medellín,Enterprise,2024-04-14
616,Medellín,SMB,2022-04-12
617,Barranquilla,SMB,2023-03-27
618,Barranquilla,Mid-Market,2024-05-12
619,Bucaramanga,SMB,2024-07-16
620,Medellín,Enterprise,2025-04-05
621,Medellín,SMB,2023-09-27
622,Cali,SMB,2024-04-25
623,Medellín,SMB,2025-05-15
624,Barranquilla,SMB,2025-05-11
625,Medellín,SMB,2025-03-06
626,Medellín,Enterprise,2023-08-03
627,Medellín,Mid-Market,2024-07-27
628,Cali,Mid-Market,2022-01-31
629,Medellín,Enterprise,2022-11-05
630,Barranquilla,Mid-Market,2024-12-07
631,Cali,Mid-Market,2022-11-28
632,Bogotá,SMB,2024-09-13
633,Medellín,SMB,2024-10-31
634,Bogotá,Mid-Market,2024-05-20
635,Bogotá,Mid-Market,2023-05-30
636,Medellín,SMB,2024-03-30
637,Bucaramanga,SMB,2023-08-03
638,Bucaramanga,SMB,2023-05-05
639,Bucaramanga,SMB,2022-04-28
640,Cali,Mid-Market,2022-05-08
641,Bucaramanga,Enterprise,2024-06-18
642,Medellín,Enterprise,2022-11-04
643,Barranquilla,Mid-Market,2023-08-09
644,Bogotá,SMB,2024-06-14
645,Bogotá,SMB,2022-12-04
646,Medellín,Mid-Market,2024-01-18
647,Cali,Enterprise,2023-08-14
648,Bogotá,SMB,2022-02-09
649,Medellín,Mid-Market,2024-03-05
650,Bogotá,Enterprise,2023-10-15
651,Barranquilla,SMB,2022-08-14
652,Barranquilla,Enterprise,2024-06-19
653,Cali,Mid-Market,2022-07-11
654,Barranquilla,Mid-Market,2024-02-22
655,Cali,Mid-Market,2023-11-21
656,Bucaramanga,Mid-Market,2022-01-09
657,Cali,Enterprise,2024-03-22
658,Medellín,Mid-Market,2024-02-16
659,Bogotá,SMB,2024-01-07
660,Medellín,SMB,2022-04-20
661,Bucaramanga,Enterprise,2025-04-27
662,Bogotá,SMB,2022-11-27
663,Barranquilla,SMB,2022-06-27
664,Bucaramanga,SMB,2025-03-26
665,Cali,SMB,2022-02-13
666,Cali,Mid-Market,2023-07-14
667,Cali,SMB,2022-12-10
668,Bucaramanga,SMB,2022-06-20
669,Barranquilla,Mid-Market,2024-02-22
670,Cali,SMB,2024-11-20
671,Bucaramanga,Mid-Market,2023-06-20
672,Barranquilla,SMB,2024-03-24
673,Medellín,SMB,2023-04-07
674,Bogotá,Mid-Market,2024-09-03
675,Bogotá,Mid-Market,2024-04-27
676,Bogotá,SMB,2024-06-27
677,Bogotá,SMB,2022-05-21
678,Cali,Enterprise,2022-11-11
679,Barranquilla,SMB,2024-05-28
680,Barranquilla,SMB,2022-01-13
681,Medellín,Mid-Market,2022-02-13
682,Bogotá,Enterprise,2024-04-30
683,Cali,SMB,2023-07-29
684,Medellín,SMB,2022-08-05
685,Bogotá,Mid-Market,2022-05-17
686,Medellín,Enterprise,2023-06-05
687,Cali,SMB,2022-09-14
688,Cali,Enterprise,2024-05-22
689,Medellín,SMB,2024-05-17
690,Bogotá,Enterprise,2025-05-22
691,Bucaramanga,SMB,2024-02-24
692,Bucaramanga,Mid-Market,2023-11-01
693,Bucaramanga,Enterprise,2023-09-05
694,Bogotá,SMB,2022-01-09
695,Bucaramanga,Mid-Market,2023-03-15
696,Medellín,Mid-Market,2022-06-07
697,Cali,SMB,2025-03-23
698,Bogotá,SMB,2024-12-23
699,Cali,Mid-Market,2022-03-04
700,Barranquilla,SMB,2022-04-08
701,Barranquilla,SMB,2022-04-27
702,Medellín,SMB,2023-12-11
703,Bogotá,SMB,2024-02-22
704,Cali,SMB,2023-01-20
705,Bucaramanga,Mid-Market,2022-11-29
706,Bogotá,SMB,2024-02-05
707,Medellín,SMB,2023-09-30
708,Barranquilla,Mid-Market,2024-06-07
709,Bucaramanga,SMB,2024-03-26
710,Cali,SMB,2024-03-06
711,Bogotá,SMB,2022-04-01
712,Medellín,Mid-Market,2023-09-10
713,Bucaramanga,SMB,2025-06-07
714,Cali,SMB,2024-12-21
715,Cali,Enterprise,2024-01-24
716,Bogotá,SMB,2024-02-08
717,Bogotá,Mid-Market,2023-08-11
718,Cali,Mid-Market,2022-08-13
719,Medellín,SMB,2024-09-26
720,Medellín,Mid-Market,2024-10-08
721,Medellín,Mid-Market,2024-05-27
722,Bucaramanga,SMB,2025-01-13
723,Bogotá,SMB,2025-02-08
724,Medellín,SMB,2024-06-21
725,Cali,Enterprise,2023-05-28
726,Medellín,Enterprise,2024-10-16
727,Barranquilla,SMB,2025-06-27
728,Cali,SMB,2025-06-02
729,Bogotá,Mid-Market,2024-07-13
730,Medellín,Mid-Market,2023-08-15
731,Bogotá,Mid-Market,2022-03-11
732,Bogotá,Mid-Market,2024-12-15
733,Bogotá,Mid-Market,2023-03-16
734,Barranquilla,Mid-Market,2024-09-22
735,Barranquilla,SMB,2023-12-07
736,Barranquilla,SMB,2022-09-17
737,Cali,Mid-Market,2025-01-26
738,Bogotá,SMB,2022-02-04
739,Bucaramanga,SMB,2025-01-05
740,Bogotá,SMB,2024-02-29
741,Barranquilla,SMB,2022-06-03
742,Bogotá,SMB,2022-03-05
743,Cali,Mid-Market,2023-10-09
744,Cali,Mid-Market,2022-10-15
745,Bogotá,SMB,2023-04-25
746,Medellín,SMB,2022-01-12
747,Bucaramanga,SMB,2024-02-11
748,Bucaramanga,SMB,2022-11-05
749,Medellín,Enterprise,2023-08-04
750,Bucaramanga,SMB,2023-06-04
751,Medellín,Enterprise,2023-04-07
752,Cali,SMB,2025-06-03
753,Bogotá,SMB,2025-05-05
754,Medellín,SMB,2024-07-14
755,Cali,SMB,2022-11-19
756,Barranquilla,SMB,2023-07-19
757,Bogotá,Mid-Market,2025-04-29
758,Bogotá,SMB,2023-06-25
759,Medellín,Mid-Market,2025-06-13
760,Medellín,SMB,2024-10-19
761,Bogotá,SMB,2022-07-31
762,Bogotá,Enterprise,2023-10-19
763,Medellín,Mid-Market,2022-01-13
764,Medellín,SMB,2022-01-21
765,Bucaramanga,SMB,2022-12-01
766,Bogotá,SMB,2023-10-21
767,Cali,SMB,2023-07-08
768,Cali,Mid-Market,2022-09-28
769,Medellín,SMB,2024-12-10
770,Barranquilla,SMB,2023-08-13
771,Cali,SMB,2023-03-12
772,Barranquilla,SMB,2022-02-06
773,Cali,SMB,2022-07-23
774,Bogotá,SMB,2022-01-16
775,Bogotá,SMB,2022-09-11
776,Barranquilla,SMB,2024-12-18
777,Bogotá,SMB,2025-04-03
778,Barranquilla,SMB,2025-06-20
779,Medellín,SMB,2022-11-08
780,Cali,Enterprise,2024-01-23
781,Barranquilla,SMB,2024-03-12
782,Cali,SMB,2022-12-24
783,Cali,Mid-Market,2023-02-18
784,Cali,Mid-Market,2022-01-27
785,Medellín,Mid-Market,2022-03-26
786,Cali,Enterprise,2023-12-27
787,Medellín,SMB,2025-01-03
788,Cali,SMB,2022-04-10
789,Cali,Mid-Market,2024-03-26
790,Bogotá,SMB,2023-06-19
791,Bucaramanga,Mid-Market,2024-08-17
792,Bogotá,SMB,2023-08-16
793,Bogotá,Mid-Market,2022-07-01
794,Bogotá,SMB,2024-05-20
795,Medellín,SMB,2023-05-03
796,Medellín,SMB,2024-05-04
797,Cali,SMB,2024-09-15
798,Bogotá,Mid-Market,2023-12-09
799,Medellín,Mid-Market,2025-01-13
800,Barranquilla,SMB,2023-04-18
801,Cali,Mid-Market,2025-04-02
802,Medellín,Enterprise,2022-10-04
803,Cali,Mid-Market,2024-03-02
804,Cali,SMB,2024-05-19
805,Bogotá,Mid-Market,2022-08-06
806,Barranquilla,SMB,2025-04-22
807,Bucaramanga,Mid-Market,2023-12-03
808,Medellín,Mid-Market,2023-08-24
809,Bogotá,SMB,2024-03-04
810,Barranquilla,Mid-Market,2022-04-01
811,Bogotá,SMB,2022-07-23
812,Medellín,Mid-Market,2022-01-01
813,Bogotá,SMB,2025-05-24
814,Bucaramanga,Mid-Market,2022-05-15
815,Bucaramanga,SMB,2025-06-21
816,Bogotá,SMB,2023-06-01
817,Cali,SMB,2023-09-22
818,Bucaramanga,SMB,2023-06-12
819,Bucaramanga,Mid-Market,2024-04-01
820,Barranquilla,Mid-Market,2022-11-21
821,Barranquilla,SMB,2024-01-09
822,Bucaramanga,Mid-Market,2022-10-01
823,Medellín,Mid-Market,2024-12-05
824,Medellín,Enterprise,2022-01-17
825,Bucaramanga,Mid-Market,2022-05-14
826,Cali,SMB,2022-10-19
827,Bogotá,Mid-Market,2025-06-18
828,Bogotá,SMB,2022-10-08
829,Barranquilla,SMB,2025-04-20
830,Bucaramanga,SMB,2025-04-06
831,Cali,SMB,2022-08-06
832,Medellín,Enterprise,2022-08-08
833,Barranquilla,SMB,2023-06-22
834,Bogotá,SMB,2024-11-01
835,Bucaramanga,SMB,2022-05-22
836,Cali,SMB,2024-04-09
837,Medellín,SMB,2023-12-05
838,Barranquilla,Enterprise,2023-10-11
839,Barranquilla,Mid-Market,2024-06-10
840,Medellín,SMB,2023-12-06
841,Medellín,Mid-Market,2022-06-08
842,Barranquilla,Mid-Market,2022-01-20
843,Bucaramanga,SMB,2024-03-25
844,Medellín,SMB,2025-02-23
845,Bogotá,SMB,2023-06-20
846,Bucaramanga,SMB,2024-09-20
847,Barranquilla,Mid-Market,2023-05-12
848,Barranquilla,Enterprise,2023-11-11
849,Bogotá,Enterprise,2023-05-09
850,Cali,Mid-Market,2024-11-10
851,Bucaramanga,SMB,2023-02-03
852,Bucaramanga,SMB,2025-01-19
853,Bogotá,Enterprise,2023-05-30
854,Cali,Enterprise,2025-05-24
855,Barranquilla,SMB,2024-03-05
856,Medellín,Mid-Market,2025-06-27
857,Bucaramanga,Enterprise,2023-02-05
858,Cali,SMB,2024-11-20
859,Medellín,Mid-Market,2023-08-23
860,Medellín,Enterprise,2024-10-13
861,Barranquilla,SMB,2025-05-14
862,Medellín,SMB,2022-09-29
863,Bucaramanga,Enterprise,2025-04-21
864,Medellín,Enterprise,2023-11-23
865,Barranquilla,SMB,2023-04-08
866,Bogotá,Mid-Market,2024-01-05
867,Cali,Mid-Market,2022-09-05
868,Cali,Mid-Market,2023-07-27
869,Medellín,Mid-Market,2022-07-20
870,Bucaramanga,Mid-Market,2025-05-26
871,Bucaramanga,Mid-Market,2024-01-04
872,Bucaramanga,Mid-Market,2022-11-26
873,Bucaramanga,SMB,2024-06-17
874,Bogotá,SMB,2022-12-30
875,Cali,SMB,2025-05-21
876,Bucaramanga,Enterprise,2023-09-21
877,Bucaramanga,SMB,2023-12-04
878,Medellín,Mid-Market,2024-12-18
879,Bucaramanga,Enterprise,2025-05-25
880,Bucaramanga,SMB,2023-08-19
881,Bucaramanga,SMB,2024-03-31
882,Cali,SMB,2024-10-08
883,Bogotá,Enterprise,2025-04-18
884,Bogotá,Mid-Market,2022-12-04
885,Bogotá,SMB,2024-04-28
886,Bucaramanga,SMB,2022-08-26
887,Cali,SMB,2025-02-07
888,Bogotá,Enterprise,2023-02-21
889,Bucaramanga,SMB,2025-04-11
890,Bogotá,Enterprise,2022-09-29
891,Cali,Mid-Market,2023-01-20
892,Barranquilla,Enterprise,2022-08-21
893,Barranquilla,SMB,2023-12-15
894,Barranquilla,SMB,2025-06-16
895,Bucaramanga,SMB,2023-11-02
896,Bogotá,Enterprise,2023-02-06
897,Cali,Enterprise,2022-01-04
898,Cali,SMB,2023-08-01
899,Bogotá,SMB,2025-06-04
900,Bogotá,Mid-Market,2025-05-15
901,Cali,SMB,2022-05-11
902,Barranquilla,SMB,2024-11-28
903,Bogotá,SMB,2024-08-13
904,Bogotá,SMB,2025-02-27
905,Barranquilla,SMB,2023-07-02
906,Bogotá,Mid-Market,2024-03-07
907,Barranquilla,Mid-Market,2022-09-15
908,Bucaramanga,Enterprise,2024-11-05
909,Bogotá,Mid-Market,2023-06-13
910,Bucaramanga,SMB,2025-03-16
911,Barranquilla,SMB,2024-06-09
912,Medellín,SMB,2022-04-09
913,Cali,Enterprise,2022-10-20
914,Cali,Mid-Market,2023-12-12
915,Bogotá,SMB,2024-07-20
916,Barranquilla,SMB,2022-08-15
917,Medellín,Mid-Market,2023-01-28
918,Barranquilla,Mid-Market,2023-08-10
919,Bucaramanga,Mid-Market,2023-04-24
920,Barranquilla,Enterprise,2023-05-13
921,Cali,SMB,2024-06-03
922,Medellín,Mid-Market,2024-02-09
923,Cali,SMB,2024-09-15
924,Medellín,Mid-Market,2023-05-19
925,Barranquilla,SMB,2022-12-07
926,Cali,SMB,2024-05-14
927,Barranquilla,SMB,2023-04-14
928,Barranquilla,Mid-Market,2022-12-06
929,Cali,SMB,2022-12-08
930,Bogotá,SMB,2024-02-01
931,Bucaramanga,SMB,2023-02-25
932,Bucaramanga,Mid-Market,2024-02-21
933,Cali,SMB,2024-06-13
934,Bucaramanga,SMB,2023-01-02
935,Barranquilla,SMB,2022-12-07
936,Medellín,Mid-Market,2022-02-25
937,Barranquilla,SMB,2024-04-30
938,Bogotá,Mid-Market,2024-08-24
939,Medellín,SMB,2022-08-30
940,Bogotá,SMB,2022-10-02
941,Bucaramanga,SMB,2024-02-09
942,Barranquilla,SMB,2023-02-26
943,Barranquilla,SMB,2024-07-28
944,Cali,SMB,2025-02-14
945,Bogotá,SMB,2025-03-19
946,Bogotá,SMB,2022-09-29
947,Barranquilla,SMB,2023-10-21
948,Medellín,SMB,2022-01-24
949,Cali,SMB,2022-11-05
950,Bucaramanga,SMB,2023-07-05
951,Cali,SMB,2022-03-11
952,Barranquilla,Mid-Market,2023-08-23
953,Medellín,Mid-Market,2024-01-21
954,Medellín,SMB,2022-03-13
955,Bucaramanga,SMB,2022-11-04
956,Barranquilla,Mid-Market,2023-10-20
957,Barranquilla,Enterprise,2023-03-19
958,Medellín,SMB,2024-07-19
959,Medellín,SMB,2024-04-09
960,Medellín,SMB,2022-08-22
961,Bogotá,Mid-Market,2022-01-23
962,Bogotá,SMB,2022-05-31
963,Bucaramanga,Enterprise,2024-03-21
964,Bucaramanga,SMB,2022-07-09
965,Bogotá,Mid-Market,2022-11-11
966,Bogotá,SMB,2022-06-25
967,Bogotá,SMB,2022-07-28
968,Medellín,SMB,2022-05-21
969,Barranquilla,Enterprise,2024-07-07
970,Medellín,SMB,2024-10-03
971,Bogotá,SMB,2023-03-28
972,Bogotá,SMB,2022-08-07
973,Bogotá,SMB,2024-03-29
974,Barranquilla,SMB,2023-05-02
975,Bogotá,SMB,2022-11-16
976,Medellín,Enterprise,2022-01-21
977,Bucaramanga,Enterprise,2022-10-20
978,Medellín,SMB,2022-12-06
979,Bogotá,Mid-Market,2024-01-11
980,Bogotá,SMB,2022-07-10
981,Barranquilla,Mid-Market,2024-11-18
982,Medellín,Enterprise,2022-06-09
983,Barranquilla,SMB,2024-02-08
984,Medellín,SMB,2025-01-05
985,Bucaramanga,Mid-Market,2023-06-17
986,Medellín,Mid-Market,2024-09-27
987,Medellín,Enterprise,2023-01-15
988,Bucaramanga,SMB,2022-05-31
989,Medellín,SMB,2023-04-14
990,Barranquilla,SMB,2024-09-10
991,Barranquilla,SMB,2022-12-24
992,Cali,SMB,2024-01-05
993,Medellín,Mid-Market,2023-05-14
994,Barranquilla,SMB,2025-06-10
995,Medellín,SMB,2023-05-14
996,Bogotá,SMB,2022-09-20
997,Barranquilla,SMB,2024-06-27
998,Bogotá,Mid-Market,2024-06-13
999,Bucaramanga,Enterprise,2025-02-18
1000,Medellín,SMB,2022-05-29
1001,Bucaramanga,SMB,2022-10-14
1002,Bogotá,SMB,2023-12-26
1003,Bogotá,Enterprise,2023-07-29
1004,Medellín,Enterprise,2022-11-23
1005,Medellín,Enterprise,2024-06-10
1006,Cali,SMB,2023-06-09
1007,Medellín,SMB,2025-04-13
1008,Barranquilla,SMB,2023-03-02
1009,Barranquilla,SMB,2024-11-15
1010,Bogotá,Enterprise,2024-03-31
1011,Barranquilla,Mid-Market,2022-10-12
1012,Cali,SMB,2024-12-17
1013,Bucaramanga,SMB,2022-01-31
1014,Bucaramanga,Enterprise,2023-03-22
1015,Barranquilla,SMB,2024-05-05
1016,Bogotá,Mid-Market,2023-11-14
1017,Medellín,Mid-Market,2022-07-17
1018,Cali,Mid-Market,2022-05-29
1019,Medellín,Mid-Market,2023-07-04
1020,Medellín,Mid-Market,2024-12-28
1021,Medellín,Mid-Market,2024-10-14
1022,Medellín,SMB,2024-05-23
1023,Cali,Mid-Market,2023-02-10
1024,Medellín,SMB,2024-05-01
1025,Bogotá,SMB,2022-01-10
1026,Bucaramanga,Mid-Market,2024-08-31
1027,Bogotá,Enterprise,2023-01-31
1028,Bogotá,Mid-Market,2022-09-23
1029,Bucaramanga,SMB,2023-09-01
1030,Bogotá,Mid-Market,2023-03-24
1031,Bucaramanga,Enterprise,2022-07-10
1032,Bogotá,SMB,2025-04-02
1033,Medellín,SMB,2024-04-27
1034,Medellín,SMB,2024-10-03
1035,Bucaramanga,Mid-Market,2023-07-10
1036,Bucaramanga,SMB,2024-07-17
1037,Medellín,SMB,2024-11-18
1038,Bucaramanga,Enterprise,2022-08-30
1039,Medellín,SMB,2022-03-18
1040,Bogotá,SMB,2024-06-25
1041,Bogotá,SMB,2024-04-22
1042,Bogotá,SMB,2022-06-23
1043,Bogotá,SMB,2023-08-13
1044,Bogotá,SMB,2022-12-28
1045,Bucaramanga,Mid-Market,2025-02-22
1046,Barranquilla,Mid-Market,2024-08-13
1047,Bucaramanga,Enterprise,2025-01-10
1048,Bucaramanga,Enterprise,2025-06-12
1049,Bucaramanga,SMB,2024-11-14
1050,Bucaramanga,SMB,2023-08-02
1051,Medellín,Mid-Market,2022-03-18
1052,Barranquilla,SMB,2024-12-20
1053,Bogotá,Enterprise,2022-05-03
1054,Bogotá,SMB,2022-03-12
1055,Cali,SMB,2022-04-30
1056,Cali,SMB,2022-02-04
1057,Barranquilla,SMB,2023-10-11
1058,Medellín,Mid-Market,2024-09-20
1059,Medellín,SMB,2023-10-25
1060,Medellín,Enterprise,2024-10-13
1061,Cali,Mid-Market,2022-11-14
1062,Barranquilla,Enterprise,2025-06-04
1063,Bucaramanga,Enterprise,2024-10-29
1064,Barranquilla,Mid-Market,2023-10-06
1065,Barranquilla,Enterprise,2024-11-03
1066,Bogotá,Mid-Market,2023-08-23
1067,Barranquilla,SMB,2024-04-08
1068,Bogotá,SMB,2025-02-24
1069,Bucaramanga,SMB,2023-07-04
1070,Bogotá,SMB,2022-12-29
1071,Bogotá,Mid-Market,2022-11-19
1072,Bogotá,Enterprise,2024-09-27
1073,Bogotá,Mid-Market,2023-05-11
1074,Barranquilla,SMB,2023-01-30
1075,Cali,SMB,2025-03-17
1076,Cali,Enterprise,2022-07-09
1077,Medellín,Enterprise,2024-06-05
1078,Bucaramanga,SMB,2023-08-14
1079,Medellín,SMB,2022-04-09
1080,Cali,SMB,2024-07-09
1081,Medellín,SMB,2023-07-11
1082,Bucaramanga,Enterprise,2023-09-26
1083,Cali,SMB,2023-07-23
1084,Bogotá,SMB,2023-06-18
1085,Cali,Mid-Market,2024-06-07
1086,Medellín,SMB,2023-06-26
1087,Bogotá,SMB,2024-08-22
1088,Cali,Mid-Market,2022-09-17
1089,Bogotá,SMB,2024-01-15
1090,Bogotá,SMB,2023-03-07
1091,Medellín,SMB,2025-02-27
1092,Bucaramanga,SMB,2022-02-07
1093,Cali,SMB,2024-04-19
1094,Cali,SMB,2024-02-25
1095,Medellín,SMB,2022-11-28
1096,Barranquilla,Enterprise,2025-06-08
1097,Cali,Mid-Market,2023-07-10
1098,Medellín,Enterprise,2023-10-16
1099,Barranquilla,Enterprise,2022-11-14
1100,Bogotá,SMB,2023-05-01
1101,Barranquilla,SMB,2024-08-22
1102,Cali,Enterprise,2023-02-25
1103,Bogotá,SMB,2022-01-03
1104,Barranquilla,Mid-Market,2022-07-24
1105,Medellín,Enterprise,2025-02-19
1106,Barranquilla,SMB,2024-05-17
1107,Medellín,Mid-Market,2022-12-21
1108,Bogotá,SMB,2024-05-22
1109,Bogotá,SMB,2022-03-14
1110,Barranquilla,SMB,2024-08-02
1111,Bucaramanga,SMB,2024-11-02
1112,Cali,SMB,2024-08-22
1113,Bucaramanga,Mid-Market,2025-01-05
1114,Cali,SMB,2023-03-16
1115,Bogotá,Mid-Market,2024-02-17
1116,Cali,SMB,2025-01-30
1117,Bogotá,SMB,2024-07-25
1118,Bucaramanga,Mid-Market,2023-12-28
1119,Bucaramanga,SMB,2023-03-02
1120,Bogotá,Mid-Market,2024-03-23
1121,Cali,SMB,2023-09-20
1122,Medellín,SMB,2024-06-28
1123,Cali,Mid-Market,2022-10-22
1124,Barranquilla,SMB,2023-10-23
1125,Bogotá,Mid-Market,2025-04-01
1126,Medellín,SMB,2024-04-12
1127,Bogotá,SMB,2024-02-29
1128,Bucaramanga,Mid-Market,2024-10-18
1129,Bucaramanga,Mid-Market,2024-01-22
1130,Bogotá,SMB,2024-05-31
1131,Bucaramanga,SMB,2025-06-11
1132,Bogotá,SMB,2023-08-15
1133,Cali,Mid-Market,2022-06-09
1134,Barranquilla,SMB,2022-02-02
1135,Medellín,Mid-Market,2025-06-21
1136,Cali,Enterprise,2025-06-12
1137,Bucaramanga,SMB,2025-05-05
1138,Barranquilla,Mid-Market,2023-08-22
1139,Cali,SMB,2022-01-04
1140,Bogotá,SMB,2024-02-24
1141,Medellín,SMB,2024-10-03
1142,Bogotá,SMB,2023-02-06
1143,Bogotá,SMB,2022-03-17
1144,Cali,Enterprise,2025-02-14
1145,Barranquilla,Enterprise,2022-12-13
1146,Medellín,Enterprise,2023-02-08
1147,Cali,Enterprise,2022-08-08
1148,Bogotá,SMB,2024-09-26
1149,Medellín,Mid-Market,2022-08-24
1150,Bucaramanga,Enterprise,2025-01-16
1151,Medellín,SMB,2022-08-03
1152,Barranquilla,Mid-Market,2023-07-15
1153,Bogotá,Mid-Market,2023-10-07
1154,Cali,SMB,2023-10-31
1155,Cali,Mid-Market,2022-10-14
1156,Barranquilla,Mid-Market,2022-01-08
1157,Medellín,Mid-Market,2023-05-29
1158,Bucaramanga,SMB,2023-06-18
1159,Barranquilla,Enterprise,2022-02-03
1160,Bogotá,SMB,2024-06-02
1161,Bucaramanga,Mid-Market,2024-07-29
1162,Bogotá,SMB,2022-03-10
1163,Bucaramanga,Mid-Market,2022-09-30
1164,Barranquilla,SMB,2022-03-29
1165,Bucaramanga,Mid-Market,2025-01-29
1166,Barranquilla,Mid-Market,2022-01-10
1167,Bogotá,SMB,2023-12-23
1168,Bogotá,Mid-Market,2023-07-04
1169,Cali,SMB,2024-10-19
1170,Barranquilla,SMB,2023-11-01
1171,Cali,SMB,2023-05-08
1172,Cali,SMB,2023-06-14
1173,Bucaramanga,SMB,2023-07-30
1174,Medellín,Enterprise,2023-04-27
1175,Bucaramanga,SMB,2022-06-06
1176,Medellín,Mid-Market,2023-04-06
1177,Bogotá,Mid-Market,2024-03-23
1178,Cali,Mid-Market,2024-12-08
1179,Bogotá,Mid-Market,2024-07-20
1180,Bogotá,SMB,2024-08-02
1181,Cali,Enterprise,2022-09-09
1182,Bogotá,SMB,2023-04-04
1183,Bucaramanga,Enterprise,2024-12-10
1184,Barranquilla,SMB,2024-10-21
1185,Cali,SMB,2023-05-03
1186,Cali,SMB,2025-05-25
1187,Bucaramanga,Mid-Market,2023-05-11
1188,Bucaramanga,SMB,2023-02-19
1189,Medellín,SMB,2023-05-01
1190,Barranquilla,SMB,2022-05-20
1191,Bogotá,SMB,2023-02-28
1192,Medellín,SMB,2025-04-07
1193,Medellín,Enterprise,2024-06-30
1194,Bucaramanga,SMB,2025-02-26
1195,Bucaramanga,SMB,2025-01-05
1196,Bucaramanga,Mid-Market,2022-06-23
1197,Barranquilla,SMB,2023-05-12
1198,Bogotá,Mid-Market,2023-09-13
1199,Bogotá,SMB,2024-12-08
1200,Barranquilla,Enterprise,2024-05-29
